key,new_english,new_arabic
k001,Order on WhatsApp,اطلب عبر واتساب
k002,Kabotcha · Lap & Bed Desk,كابوتشا ستور · المكتب المحمول
k003,Your couch. Your desk. Your rules.,مكتبك هيكون مكان ما تكون
k004_1,Tired? Bored? Lazy? Restless?,تعبان؟ زهقان؟ كسلان؟ ملان؟
k004_2,Got work? Studying? Or just want to relax?,عندك شغل؟ عندك مذاكرة؟ او نفسك تتفرج مرتاح؟
k004_3,"On the bed, on the couch, on the balcony, in the garden, or on the floor.","على السرير، على الكنبة، في البلكونة، في الجنينـة، أو حتى على الأرض."
k004_4,"Laptop in front, tablet beside, phone in reach...","لابك قدامك، تابلتك جنبك، موبايلك معاك..."
k004_5,"Right where you are, your desk is with you.","وإنت في مكانك، مكتبك معاك."
k005,Order on WhatsApp,اطلب عبر واتساب
k006,See how it works ↓,شوف طريقة استخدامه ↓
k007,👆 Tap the highlighted parts to explore,👆 دوس على النقط المضيئة تعرف أكتر
k008,Solid wood surface,سطح واسع
k009,"A wide, smooth wood top with plenty of room for your laptop, a mouse, or a stack of books.","لابتوبك، الماوس، و موبايلك و كتابك… كلهم قدامك وفي مساحة مريحة."
k010,"Hot laptop on your legs. Phone sliding off the blanket. Books everywhere. Sound familiar?","المكتب المحمول خفيف و مريح و  عملي . مكتبك معاك من غير ما تسيب مكانك لانه هيكون مطرح ما تكون"
k011,What's built in,إيه اللي موجود؟
k012,"Everything you need, in one stand","كل حاجة ليها مكان… وإنت ليك راحتك"
k013,Solid wood surface,سطح واسع
k014,"A wide, smooth wood top with plenty of room for your laptop, a mouse, or a stack of books.","لابتوبك، الماوس، و موبايلك و كتابك… كلهم قدامك وفي مساحة مريحة."
k015,Tablet slot,مكان للتابلت
k016,A long slot near the back edge props your tablet upright — great for reading; video calls; or a second screen.,"ثبّت التابلت قدامك واقرأ، ذاكر، اتفرج ."
k017,Phone slot,مكان للموبايل
k018,A shorter slot right next to the tablet slot holds your phone upright; hands-free.,"موبايلك قريب منك وفي مكانه، من غير ما يفضل في إيدك."
k019,Built-in carry handle,مقبض للحمل
k020,A fabric handle at the top lets you move it around the house like a small bag.,"خلصت؟ شيله وخده معاك. من السرير للكنبة، ومن الصالة للبلكونة."
k021,Padded arm rest,مسند للذراع مبطّن
k022,A cushioned fabric bar along the front edge keeps your wrists comfortable while you type or write.,مسند مبطن يخلي إيدك وذراعك في وضع أكثر راحة أثناء الاستخدام.
k023,Soft base underneath,قاعدة مبطنة
k024,"Molds to your lap or the mattress and keeps everything steady, wherever you sit.","قاعدة اسفنجيه تستقر على رجلك أو السرير أو الكنبة، لثبات وراحة أفضل."
k025,Materials,الخامات
k026,Made to last. Styled to belong.,خامات مختارة لراحة تدوم وشكل يليق بمكانك
k027,"A real wood top finished by hand, a padded fabric arm rest, and a dense cushioned base underneath — not a flimsy tray that wobbles or scratches your favorite blanket.","سطح من  MDF مكسو بقشرة خشب طبيعي عالية الجودة  بلمسة ناعمة وأنيقة، مع مسند ذراع مبطّن وقاعدة إسفنجية كثيفة من أسفل، عشان تجمع بين  المتانة، الراحة، وسهولة الاستخدام في كل مرة."
k032,Find us online,لاقينا أونلاين
k033,We're just getting started in Egypt — follow along for real setups; new colors; and what's coming next.,لسه بادئين في مصر، تابعنا تشوف استخدامات حقيقية وألوان جديدة وكل جديد.
k034,Ready to upgrade your couch setup?,جاهز تطوّر مكان قعدتك؟
k035,"Message us on WhatsApp for current pricing, colors in stock, and delivery across Egypt.","راسلنا على واتساب تعرف السعر الحالي، الألوان المتاحة، والتوصيل لمحافظتك."
k036,Chat on WhatsApp,كلمنا على واتساب
k037,Good to know,معلومات تهمك
k038,Frequently asked questions,أسئلة شائعة
k039,What's it made of?,مصنوع من إيه؟
k040,"A solid wood top, a padded fabric arm rest, and a dense cushioned sponge base underneath — built to hold a laptop steadily without wobbling.","سطح خشب طبيعي، مسند ذراع مبطّن، وقاعدة إسفنجية كثيفة من تحت — مصمم يشيل اللابتوب بثبات من غير ما يهتز."
k041,Does it work on both a couch and a bed?,يشتغل على الأريكة والسرير؟
k042,Yes — the cushioned base adjusts to soft or firm surfaces; so it sits flat either way.,"أيوه، القاعدة المبطنة بتتظبط على أي سطح ناعم أو صلب، وتفضل مستوية."
k043,Can I fit a tablet and phone at the same time?,أقدر أحط تابلت وموبايل مع بعض؟
k044,Yes — the phone slot and tablet slot work independently; so you can use both together.,"أيوه، فتحة الموبايل وفتحة التابلت شغالين لوحدهم، تقدر تستخدمهم مع بعض."
k045,Can I carry it around the house?,أقدر أنقله في البيت؟
k046,"Yes — there's a built-in fabric handle at the top edge, so you can move it from room to room like a small bag.","أيوه، فيه مقبض قماش مدمج في الحافة العلوية، تقدر تنقله من أوضة لأوضة زي الشنطة الصغيرة."
k047,Do you deliver across Egypt?,التوصيل لكل المحافظات؟
k048,Message us on WhatsApp with your city and we'll confirm delivery time and cost.,راسلنا على واتساب بمحافظتك ونأكدلك مدة وتكلفة التوصيل.
k049,What if I'm not happy with it?,لو مش عاجبني؟
k050,Reach out to us directly on WhatsApp or Instagram — we'll sort it out.,كلمنا على واتساب أو إنستجرام وهنظبطها مع بعض.
k051,Comfort; wherever you sit.,الراحة، في أي مكان بتقعد فيه.
k052,© 2026 Kabotcha.store — All rights reserved.,© 2026 Kabotcha.store — جميع الحقوق محفوظة.
k053,Made for couches; beds; and everywhere in between.,اتصنع للأريكة والسرير وكل حتة بينهم.
k054,📸 Real Photos,📸 صور حقيقية
k055,🔍 Blueprint,🔍 تفاصيل التصميم
k056,💻 Laptop,💻 لابتوب
k057,📱 Tablet & Phone,📱 تابلت وموبايل
k058,📖 Reading,📖 قراءة ومذاكرة
k059,🎨 Creative,🎨 رسم وتصميم
k060,🪵 Clean Desk,🪵 سطح خشبي
k061,In Real Homes,معرض الصور
k062,Made for everyday living,في كل ركن من بيتك
k063,"Real setups, real moments. From morning coffee to late-night study sessions.","لحظات حقيقية واستخدامات يومية، من قهوة الصباح لمذاكرة بالليل."
k064,👉 Swipe to explore gallery,👉 اسحب لمشاهدة الصور

